Гостеприимство,https://samolit.com/books/95292/
Пунский Виталий Овсеевич,https://samolit.com/books/95290/
Магическая планета,https://samolit.com/books/95288/
Второй шанс для старушки,https://samolit.com/books/95287/
"По стечению обстоятельств, роман, четвёртая часть",https://samolit.com/books/95286/
Путь тысячи слов,https://samolit.com/books/95282/
Переход,https://samolit.com/books/95278/
Волшебные монеты,https://samolit.com/books/95277/
Консерватор против финансистов,https://samolit.com/books/95275/
Новогоднее Рождество,https://samolit.com/books/95273/
Шанс,https://samolit.com/books/95272/
Кодирующая материя,https://samolit.com/books/95271/
Троя,https://samolit.com/books/95270/
СБОРНИК СТИХОВ. МИР МОЕЙ ДУШИ. ИЛЛЮЗИИ В НЕЙ. И МИРАЖИ… ПИШУ ДЛЯ ВАС. ПИШУ ДУШОЙ,https://samolit.com/books/95264/
У Лондона твои глаза,https://samolit.com/books/95263/
Хамелеон поневоле.,https://samolit.com/books/95256/
Секретные игры любви.,https://samolit.com/books/95255/
Блесна кораблик,https://samolit.com/books/95251/
Последний в очереди,https://samolit.com/books/95248/
Радужные листики,https://samolit.com/books/95246/
Гостеприимство,https://samolit.com/books/95292/
Пунский Виталий Овсеевич,https://samolit.com/books/95290/
Магическая планета,https://samolit.com/books/95288/
Второй шанс для старушки,https://samolit.com/books/95287/
"По стечению обстоятельств, роман, четвёртая часть",https://samolit.com/books/95286/
Путь тысячи слов,https://samolit.com/books/95282/
Переход,https://samolit.com/books/95278/
Волшебные монеты,https://samolit.com/books/95277/
Консерватор против финансистов,https://samolit.com/books/95275/
Новогоднее Рождество,https://samolit.com/books/95273/
Шанс,https://samolit.com/books/95272/
Кодирующая материя,https://samolit.com/books/95271/
Троя,https://samolit.com/books/95270/
СБОРНИК СТИХОВ. МИР МОЕЙ ДУШИ. ИЛЛЮЗИИ В НЕЙ. И МИРАЖИ… ПИШУ ДЛЯ ВАС. ПИШУ ДУШОЙ,https://samolit.com/books/95264/
У Лондона твои глаза,https://samolit.com/books/95263/
Хамелеон поневоле.,https://samolit.com/books/95256/
Секретные игры любви.,https://samolit.com/books/95255/
Блесна кораблик,https://samolit.com/books/95251/
Последний в очереди,https://samolit.com/books/95248/
Радужные листики,https://samolit.com/books/95246/
